telefon adı,işletim sistemi,fiyat,bağlantı linki
SAMSUNG GALAXY A51 128 GB AKILLI TELEFON SİYAH,Android,3.399,https://www.vatanbilgisayar.com//samsung-galaxy-a51-128-gb-akilli-telefon-siyah.html
SAMSUNG GALAXY A51 128 GB AKILLI TELEFON BEYAZ,Android,3.399,https://www.vatanbilgisayar.com//samsung-galaxy-a51-128-gb-akilli-telefon-beyaz.html
SAMSUNG GALAXY A51 128 GB AKILLI TELEFON PEMBE,Android,3.399,https://www.vatanbilgisayar.com//samsung-galaxy-a51-128-gb-akilli-telefon-pembe.html
SAMSUNG GALAXY A71 128 GB AKILLI TELEFON,Android,3.899,https://www.vatanbilgisayar.com//samsung-galaxy-a71-128-gb-akilli-telefon.html
SAMSUNG GALAXY A31 128 GB AKILLI TELEFON,Android,2.999,https://www.vatanbilgisayar.com//samsung-galaxy-a31-128-gb-akilli-telefon-siyah.html
SAMSUNG GALAXY NOTE 10 LITE 128 GB AKILLI TELEFON AY TOZU GRİSİ,Android,4.499,https://www.vatanbilgisayar.com//samsung-galaxy-note-10-lite-128-gb-akilli-telefon-ay-tozu-grisi.html
HUAWEI P40 LITE 128 GB AKILLI TELEFON,Android,3.499,https://www.vatanbilgisayar.com//huawei-p40-lite-128-gb-siyah-akilli-telefon.html
SAMSUNG GALAXY NOTE 10 LITE 128 GB AKILLI TELEFON DUMAN SİYAHI,Android,4.499,https://www.vatanbilgisayar.com//samsung-galaxy-note-10-lite-128-gb-akilli-telefon-duman-siyahi.html
GENERAL MOBİLE GM20 TEK SİM AKILLI TELEFON PARLAK SİYAH,Android,1.699,https://www.vatanbilgisayar.com//general-mobile-gm20-tek-sim-akilli-telefon-parlak-siyah.html
iPhone 11 64 GB AKILLI TELEFON BEYAZ,IOS,7.599,https://www.vatanbilgisayar.com//iphone-11-64-gb-akilli-telefon-beyaz.html
GENERAL MOBİLE GM20 TEK SİM AKILLI TELEFON YEŞİM YEŞİLİ,Android,1.699,https://www.vatanbilgisayar.com//general-mobile-gm20-tek-sim-akilli-telefon-yesim-yesili.html
OPPO A91 8 GB RAM AKILLI TELEFON SİYAH,Android,3.499,https://www.vatanbilgisayar.com//oppo-a91-8-gb-ram-akilli-telefon-siyah.html
HUAWEI Y6 2019 32 GB AKILLI TELEFON SAFİR MAVİSİ,Android,1.899,https://www.vatanbilgisayar.com//huawei-y6-2019-32-gb-akilli-telefon-sapphire-blue.html
SAMSUNG GALAXY S20 128 GB AKILLI TELEFON KOZMİK MAVİ,Android,6.499,https://www.vatanbilgisayar.com//samsung-galaxy-s20-akilli-telefon-mavi.html
iPhone 11 128 GB AKILLI TELEFON SİYAH,IOS,8.199,https://www.vatanbilgisayar.com//iphone-11-128-gb-akilli-telefon-siyah-113138.html
SAMSUNG GALAXY A21S 64 GB AKILLI TELEFON MAVİ,Android,2.679,https://www.vatanbilgisayar.com//samsung-galaxy-a21s-64-gb-akilli-telefon-mavi.html
OPPO A72 128GB AKILLI TELEFON UZAY MORU,Android,3.199,https://www.vatanbilgisayar.com//oppo-a72-128gb-akilli-telefon-uzay-moru.html
SAMSUNG GALAXY A11 32 GB AKILLI TELEFON SİYAH,Android,2.299,https://www.vatanbilgisayar.com//samsung-galaxy-a11-32-gb-akilli-telefon-siyah.html
HUAWEI Y6 2019 32 GB AKILLI TELEFON GECE SİYAHI,Android,1.899,https://www.vatanbilgisayar.com//huawei-y6-2019-32-gb-akilli-telefon-midnight-black.html
iPhone 11 64 GB AKILLI TELEFON SİYAH,IOS,7.599,https://www.vatanbilgisayar.com//iphone-11-akilli-telefon.html
OPPO A91 8 GB RAM AKILLI TELEFON MAVİ,Android,3.499,https://www.vatanbilgisayar.com//oppo-a91-8-gb-ram-akilli-telefon-mavi.html
SAMSUNG GALAXY S20 128 GB AKILLI TELEFON KOZMİK GRİ,Android,6.499,https://www.vatanbilgisayar.com//samsung-galaxy-s20-akilli-telefon.html
SAMSUNG GALAXY A12 128 GB AKILLI TELEFON SİYAH,Android,2.899,https://www.vatanbilgisayar.com//samsung-galaxy-a12-128-gb-akilli-telefon-siyah.html
GENERAL MOBİLE GM20 TEK SİM AKILLI TELEFON GECE YARISI KIRMIZISI,Android,1.699,https://www.vatanbilgisayar.com//general-mobile-gm20-tek-sim-akilli-telefon-gece-yarisi-kirmizisi.html
iPhone SE 64 GB AKILLI TELEFON SİYAH,IOS,4.899,https://www.vatanbilgisayar.com//iphone-se-akilli-telefon.html
GENERAL MOBİLE GM20 PRO TEK SİM AKILLI TELEFON,Android,2.200,https://www.vatanbilgisayar.com//general-mobile-gm20-pro-tek-sim-akilli-telefon-inci-siyahi.html
SAMSUNG GALAXY A21S 64 GB AKILLI TELEFON BEYAZ,Android,2.679,https://www.vatanbilgisayar.com//samsung-galaxy-a21s-64-gb-akilli-telefon-beyaz.html
iPhone 11 128 GB AKILLI TELEFON BEYAZ,IOS,8.199,https://www.vatanbilgisayar.com//iphone-11-128-gb-akilli-telefon-beyaz-113144.html
OPPO A52 64GB AKILLI TELEFON ALACAKARANLIK SİYAHI,Android,2.899,https://www.vatanbilgisayar.com//oppo-a52-64gb-akilli-telefon-alacakaranlik-siyahi.html
GENERAL MOBİLE GM20 PRO ÇİFT SİM AKILLI TELEFON LOTUS MAVİ,Android,2.200,https://www.vatanbilgisayar.com//general-mobile-gm20-pro-cift-sim-akilli-telefon-lotus-mavi.html
GENERAL MOBİLE GM20 TEK SİM AKILLI TELEFON OKYANUS MAVİ,Android,1.699,https://www.vatanbilgisayar.com//general-mobile-gm20-tek-sim-akilli-telefon-okyonus-mavi.html
XIAOMI REDMI NOTE 9 128 GB AKILLI TELEFON YEŞİL,Android,3.299,https://www.vatanbilgisayar.com//xiaomi-redmi-note-9-128-gb-akilli-telefon-yesil.html
Oppo Reno 4 Lite 128 GB Akıllı Telefon Mat Siyah,Android,3.699,https://www.vatanbilgisayar.com//oppo-reno-4-lite-128-gb-akilli-telefon-mat-siyah.html
SAMSUNG GALAXY A11 32 GB AKILLI TELEFON BEYAZ,Android,2.299,https://www.vatanbilgisayar.com//samsung-galaxy-a11-32-gb-akilli-telefon-beyaz.html
GENERAL MOBİLE GM20 PRO ÇİFT SİM AKILLI TELEFON İNCİ BEYAZI,Android,2.200,https://www.vatanbilgisayar.com//general-mobile-gm20-pro-cift-sim-akilli-telefon-inci-beyazi.html
XIAOMI REDMI NOTE 9 PRO 128 GB AKILLI TELEFON GRİ,Android,3.999,https://www.vatanbilgisayar.com//xiaomi-redmi-note-9-pro-128-gb-akilli-telefon-gri.html
SAMSUNG GALAXY NOTE 10 LITE 128 GB AKILLI TELEFON ATEŞ KIRMIZISI,Android,4.499,https://www.vatanbilgisayar.com//samsung-galaxy-note-10-lite-128-gb-akilli-telefon-ates-kirmizisi.html
SAMSUNG GALAXY A12 128 GB AKILLI TELEFON MAVİ,Android,2.899,https://www.vatanbilgisayar.com//samsung-galaxy-a12-128-gb-akilli-telefon-mavi.html
iPhone 11 128 GB AKILLI TELEFON MOR,IOS,8.199,https://www.vatanbilgisayar.com//iphone-11-128-gb-akilli-telefon-mor-113147.html
OPPO A52 64GB AKILLI TELEFON DURU BEYAZ,Android,2.899,https://www.vatanbilgisayar.com//oppo-a52-64gb-akilli-telefon-duru-beyaz.html
XIAOMI MI 10T 128 GB AKILLI TELEFON GÜMÜŞ,Android,5.799,https://www.vatanbilgisayar.com//xiaomi-mi-10t-128-gb-akilli-telefon-gumus.html
GENERAL MOBİLE GM20 PRO ÇİFT SİM AKILLI TELEFON İNCİ SİYAHI,Android,2.200,https://www.vatanbilgisayar.com//general-mobile-gm20-pro-cift-sim-akilli-telefon-inci-siyahi.html
OPPO A72 128GB AKILLI TELEFON PARLAK BEYAZ,Android,3.199,https://www.vatanbilgisayar.com//oppo-a72-128gb-akilli-telefon-parlak-beyaz.html
SAMSUNG GALAXY NOTE 20 ULTRA AKILLI TELEFON MİSTİK BRONZ,Android,11.899,https://www.vatanbilgisayar.com//samsung-galaxy-note-20-ultra-akilli-telefon-mistik-bronz.html
HUAWEI P40 LITE E 64 GB AKILLI TELEFON AURORA,Android,2.799,https://www.vatanbilgisayar.com//huawei-p40-lite-e-64-gb-akilli-telefon-aurora.html
iPhone 11 128 GB AKILLI TELEFON KIRMIZI,IOS,8.199,https://www.vatanbilgisayar.com//iphone-11-128-gb-akilli-telefon-kirmizi-113145.html
Oppo Reno 4 Lite 128 GB Akıllı Telefon Metalik Beyaz,Android,3.699,https://www.vatanbilgisayar.com//oppo-reno-4-lite-128-gb-akilli-telefon-metalik-beyaz.html
iPhone SE 64 GB AKILLI TELEFON KIRMIZI,IOS,4.899,https://www.vatanbilgisayar.com//iphone-se-64-gb-akilli-telefon-kirmizi-113190.html
iPhone 11 64 GB AKILLI TELEFON MOR,IOS,7.599,https://www.vatanbilgisayar.com//iphone-11-64-gb-akilli-telefon-mor-113159.html
XIAOMI REDMI NOTE 9 128 GB AKILLI TELEFON GRİ,Android,3.299,https://www.vatanbilgisayar.com//xiaomi-redmi-note-9-128-gb-akilli-telefon-gri.html
GENERAL MOBİLE GM20 TEK SİM AKILLI TELEFON GECE YARISI MAVİSİ,Android,1.699,https://www.vatanbilgisayar.com//general-mobile-gm20-tek-sim-akilli-telefon-gece-yarisi-mavisi.html
XIAOMI REDMI NOTE 9 128 GB AKILLI TELEFON BEYAZ,Android,3.299,https://www.vatanbilgisayar.com//xiaomi-redmi-note-9-128-gb-akilli-telefon-beyaz.html
SAMSUNG GALAXY S20 ULTRA 128 GB KOZMİK SİYAH,Android,10.499,https://www.vatanbilgisayar.com//samsung-galaxy-s20-ultra-128-gb-kozmik-siyah.html
REALME 7 6GB RAM 64 GB AKILLI TELEFON SİS MAVİSİ,Android,3.099,https://www.vatanbilgisayar.com//realme-7-pro-6gb-ram-64-gb-akilli-telefon-sis-mavisi.html
iPhone 11 64 GB AKILLI TELEFON YEŞİL,IOS,7.599,https://www.vatanbilgisayar.com//iphone-11-64-gb-akilli-telefon-yesil-113160.html
SAMSUNG GALAXY S20 FE 128 GB LACİVERT AKILLI TELEFON,Android,5.699,https://www.vatanbilgisayar.com//samsung-galaxy-s20fe-cloud-navy.html
HUAWEI P SMART S 128 GB AKILLI TELEFON SİYAH,Android,2.999,https://www.vatanbilgisayar.com//huawei-psmart-s-128-gb-akilli-telefon-siyah.html
SAMSUNG GALAXY S20 PLUS 128 GB AKILLI TELEFON KOZMİK SİYAH,Android,7.699,https://www.vatanbilgisayar.com//samsung-galaxy-s20-plus-akilli-telefon.html
iPhone 11 64 GB AKILLI TELEFON KIRMIZI,IOS,7.599,https://www.vatanbilgisayar.com//iphone-11-64-gb-akilli-telefon-kirmizi-113157.html
iPhone 12 128 GB AKILLI TELEFON SİYAH,IOS,11.499,https://www.vatanbilgisayar.com//iphone-12-128-gb-akilli-telefon-siyah.html
Oppo Reno 4 Pro 256 GB Akıllı Telefon Yıldızlı Gece,Android,5.499,https://www.vatanbilgisayar.com//oppo-reno-4-pro-256-gb-akilli-telefon-yildizli-gece.html
Oppo Reno 4 128 GB Akıllı Telefon Uzay Siyahı,Android,4.299,https://www.vatanbilgisayar.com//oppo-reno-4-128-gb-akilli-telefon-uzay-siyahi.html
SAMSUNG GALAXY A11 32 GB AKILLI TELEFON MAVİ,Android,2.299,https://www.vatanbilgisayar.com//samsung-galaxy-a11-32-gb-akilli-telefon-mavi.html
HUAWEI P40 LITE E 64 GB AKILLI TELEFON SİYAH,Android,2.799,https://www.vatanbilgisayar.com//huawei-p40-lite-e-64-gb-akilli-telefon-siyah.html
XIAOMI REDMI 9C 64 GB AKILLI TELEFON GRİ,Android,2.299,https://www.vatanbilgisayar.com//xiaomi-redmi-9c-64-gb-akilli-telefon-gri.html
iPhone 11 256 GB AKILLI TELEFON SİYAH,IOS,8.999,https://www.vatanbilgisayar.com//iphone-11-256-gb-akilli-telefon-siyah-113149.html
Oppo Reno 4 128 GB Akıllı Telefon Galaktik Mavi,Android,4.299,https://www.vatanbilgisayar.com//oppo-reno-4-128-gb-akilli-telefon-galaktik-mavi.html
SAMSUNG GALAXY NOTE 20 ULTRA AKILLI TELEFON MİSTİK SİYAH,Android,11.899,https://www.vatanbilgisayar.com//samsung-galaxy-note-20-ultra-akilli-telefon-mistik-siyah.html
SAMSUNG GALAXY S20 PLUS 128 GB AKILLI TELEFON KOZMİK GRİ,Android,7.699,https://www.vatanbilgisayar.com//samsung-galaxy-s20-plus-akilli-telefon-gri.html
XIAOMI REDMI 9A 32 GB AKILLI TELEFON GRANİT GRİ,Android,1.999,https://www.vatanbilgisayar.com//xiaomi-redmi-9a-32-gb-akilli-telefon-granit-gri.html
iPhone 12 MİNİ 128 GB AKILLI TELEFON SİYAH,IOS,9.899,https://www.vatanbilgisayar.com//iphone-12-mini-128-gb-akilli-telefon-siyah.html
Oppo Reno 4 Pro 256 GB Akıllı Telefon İpeksi Beyaz,Android,5.499,https://www.vatanbilgisayar.com//oppo-reno-4-pro-256-gb-akilli-telefon-ipeksi-beyaz.html
SAMSUNG GALAXY S20 PLUS 128 GB AKILLI TELEFON KOZMİK MAVİ,Android,7.699,https://www.vatanbilgisayar.com//samsung-galaxy-s20-plus-akilli-telefon-mavi.html
iPhone 11 PRO 512 GB GÜMÜŞ,IOS,13.999,https://www.vatanbilgisayar.com//iphone-11-pro-512-gb-gumus.html
HUAWEI Y6 2019 32 GB AKILLI TELEFON KAHVERENGİ,Android,1.899,https://www.vatanbilgisayar.com//huawei-y6-2019-32-gb-akilli-telefon-amber-brown.html
REALME 7 6GB RAM 64 GB AKILLI TELEFON SİS BEYAZI,Android,3.099,https://www.vatanbilgisayar.com//realme-7-6gb-ram-64-gb-akilli-telefon-sis-beyazi.html
XIAOMI REDMI NOTE 9 PRO 64 GB AKILLI TELEFON GRİ,Android,3.799,https://www.vatanbilgisayar.com//xiaomi-redmi-note-9-pro-64-gb-akilli-telefon-gri.html
HUAWEI P40 PRO 256 GB AKILLI TELEFON SİYAH,Android,9.999,https://www.vatanbilgisayar.com//huawei-p40-pro-256-gb-akilli-telefon-siyah.html
iPhone SE 256 GB AKILLI TELEFON SİYAH,IOS,5.999,https://www.vatanbilgisayar.com//iphone-se-256-gb-akilli-telefon-siyah.html
SAMSUNG GALAXY S20 128 GB AKILLI TELEFON KOZMİK PEMBE,Android,6.499,https://www.vatanbilgisayar.com//samsung-galaxy-s20-akilli-telefon-pembe.html
XIAOMI REDMI NOTE 8 PRO 128 GB AKILLI TELEFON GRI,Android,3.299,https://www.vatanbilgisayar.com//xiaomi-redmi-note-8-pro-128-gb-akilli-telefon-gri.html
XIAOMI REDMI 9A 32 GB AKILLI TELEFON UZAY MAVİSİ,Android,1.999,https://www.vatanbilgisayar.com//xiaomi-redmi-9a-32-gb-akilli-telefon-uzay-mavisi.html
SAMSUNG GALAXY A12 128 GB AKILLI TELEFON BEYAZ,Android,2.899,https://www.vatanbilgisayar.com//samsung-galaxy-a12-128-gb-akilli-telefon-beyaz.html
SAMSUNG GALAXY S21 ULTRA 5G 256 GB AKILLI TELEFON FANTOM SİYAH,Android,16.499,https://www.vatanbilgisayar.com//samsung-galaxy-s21-ultra-256-gb-akilli-telefon-fantom-siyah.html
iPhone 11 256 GB AKILLI TELEFON MOR,IOS,8.999,https://www.vatanbilgisayar.com//iphone-11-256-gb-akilli-telefon-mor-113153.html
HUAWEI P SMART 2021 128 GB GECE YARISI SİYAHI,Android,3.299,https://www.vatanbilgisayar.com//huawei-p-smart-2021-128-gb-gece-yarisi-siyahi.html
iPhone 12 MİNİ 128 GB AKILLI TELEFON YEŞİL,IOS,9.899,https://www.vatanbilgisayar.com//iphone-12-mini-128-gb-akilli-telefon-yesil.html
iPhone 12 64 GB AKILLI TELEFON SİYAH,IOS,10.999,https://www.vatanbilgisayar.com//iphone-12-akilli-telefon.html
XIAOMI REDMI NOTE 9 PRO 128 GB AKILLI TELEFON BEYAZ,Android,3.999,https://www.vatanbilgisayar.com//xiaomi-redmi-note-9-pro-128-gb-akilli-telefon-beyaz.html
XIAOMI REDMI NOTE 9 PRO 128 GB AKILLI TELEFON YEŞİL,Android,3.999,https://www.vatanbilgisayar.com//xiaomi-redmi-note-9-pro-128-gb-akilli-telefon-yesil.html
OPPO A31 64 HAFIZA 4 GB RAM AKILLI TELEFON SİYAH,Android,2.499,https://www.vatanbilgisayar.com//oppo-a31-64-hafiza-4-gb-ram-akilli-telefon-siyah.html
iPhone SE 256 GB AKILLI TELEFON KIRMIZI,IOS,5.999,https://www.vatanbilgisayar.com//iphone-se-256-gb-akilli-telefon-kirmizi.html
iPhone 11 256 GB AKILLI TELEFON SARI,IOS,8.999,https://www.vatanbilgisayar.com//iphone-11-256-gb-akilli-telefon-sari.html
SAMSUNG GALAXY S21 ULTRA 5G 128 GB AKILLI TELEFON FANTOM SİYAH,Android,15.999,https://www.vatanbilgisayar.com//samsung-galaxy-s21-ultra-128-gb-akilli-telefon-fantom-siyah.html
LG K61 4 GB RAM 128 GB AKILLI TELEFON BEYAZ,Android,3.149,https://www.vatanbilgisayar.com//lg-k61-akilli-telefon-beyaz.html
HUAWEI P SMART 2021 128 GB TUTKU YEŞİLİ,Android,3.299,https://www.vatanbilgisayar.com//huawei-p-smart-2021-128-gb-tutku-yesili.html
iPhone 12 MİNİ 128 GB AKILLI TELEFON MAVİ,IOS,9.899,https://www.vatanbilgisayar.com//iphone-12-mini-128-gb-akilli-telefon-mavi.html
iPhone 12 MİNİ 128 GB AKILLI TELEFON BEYAZ,IOS,9.899,https://www.vatanbilgisayar.com//iphone-12-mini-128-gb-akilli-telefon-beyaz.html
iPhone 12 128 GB AKILLI TELEFON MAVİ,IOS,11.499,https://www.vatanbilgisayar.com//iphone-12-128-gb-akilli-telefon-mavi.html
iPhone 12 MİNİ 64 GB AKILLI TELEFON SİYAH,IOS,9.399,https://www.vatanbilgisayar.com//iphone-12-mini-akilli-telefon.html
Oppo Reno 4 Pro 256 GB Akıllı Telefon Galaktik Mavi,Android,5.499,https://www.vatanbilgisayar.com//oppo-reno-4-pro-256-gb-akilli-telefon-galaktik-mavi.html
SAMSUNG GALAXY S20 FE 128 GB BEYAZ AKILLI TELEFON,Android,5.699,https://www.vatanbilgisayar.com//samsung-galaxy-s20fe-cloud-white.html
SAMSUNG GALAXY S20 FE 128 GB MİNT YEŞİLİ AKILLI TELEFON,Android,5.699,https://www.vatanbilgisayar.com//samsung-galaxy-s20fe-cloud-mint.html
SAMSUNG GALAXY Z FOLD 2 256 GB AKILLI TELEFON MİSTİK SİYAH,Android,17.479,https://www.vatanbilgisayar.com//samsung-galaxy-z-fold2-akilli-telefon.html
XIAOMI REDMI NOTE 9 PRO 64 GB AKILLI TELEFON BEYAZ,Android,3.799,https://www.vatanbilgisayar.com//xiaomi-redmi-note-9-pro-64-gb-akilli-telefon-beyaz.html
XIAOMI REDMI NOTE 9 64 GB AKILLI TELEFON BEYAZ,Android,3.099,https://www.vatanbilgisayar.com//xiaomi-redmi-note-9-64-gb-akilli-telefon-beyaz.html
XIAOMI REDMI NOTE 9 64 GB AKILLI TELEFON GRİ,Android,3.099,https://www.vatanbilgisayar.com//xiaomi-redmi-note-9-64-gb-akilli-telefon-gri.html
XIAOMI REDMI NOTE 9 64 GB AKILLI TELEFON YEŞİL,Android,3.099,https://www.vatanbilgisayar.com//xiaomi-redmi-note-9-64-gb-akilli-telefon-yesil.html
SAMSUNG GALAXY S20 ULTRA 128 GB KOZMİK GRİ,Android,10.499,https://www.vatanbilgisayar.com//samsung-galaxy-s20-ultra-128-gb-kozmik-gri.html
HUAWEI P40 PRO 256 GB AKILLI TELEFON BEYAZ,Android,9.999,https://www.vatanbilgisayar.com//huawei-p40-pro-256-gb-akilli-telefon-beyaz.html
iPhone SE 256 GB AKILLI TELEFON BEYAZ,IOS,5.999,https://www.vatanbilgisayar.com//iphone-se-256-gb-akilli-telefon-beyaz.html
VESTEL Venus Z40 128 GB AKILLI TELEFON DERİN MOR,Android,2.999,https://www.vatanbilgisayar.com//vestel-venus-z40-128-gb-akilli-telefon-derin-mor.html
iPhone 11 PRO 512 GB ALTIN,IOS,13.999,https://www.vatanbilgisayar.com//iphone-11-pro-512-gb-altin.html
iPhone XR 128 GB AKILLI TELEFON SARI,IOS,6.899,https://www.vatanbilgisayar.com//iphone-xr-128-gb-akilli-telefon-sari.html
XIAOMI REDMI 9A 32 GB AKILLI TELEFON TAVUSKUŞU YEŞİLİ,Android,1.999,https://www.vatanbilgisayar.com//xiaomi-redmi-9a-32-gb-akilli-telefon-tavuskusu-yesili.html
SAMSUNG GALAXY S21 ULTRA 5G 256 GB AKILLI TELEFON FANTOM GÜMÜŞ,Android,16.499,https://www.vatanbilgisayar.com//samsung-galaxy-s21-ultra-256-gb-akilli-telefon-fantom-gumus.html
SAMSUNG GALAXY S21 ULTRA 5G 128 GB AKILLI TELEFON FANTOM GÜMÜŞ,Android,15.999,https://www.vatanbilgisayar.com//samsung-galaxy-s21-ultra-128-gb-akilli-telefon-fantom-gumus.html
SAMSUNG GALAXY S21 PLUS 5G 128 GB AKILLI TELEFON FANTOM VİOLET,Android,12.999,https://www.vatanbilgisayar.com//samsung-galaxy-s21-plus-128-gb-akilli-telefon-fantom-violet.html
SAMSUNG GALAXY S21 5G 128 GB AKILLI TELEFON FANTOM GRİ,Android,9.999,https://www.vatanbilgisayar.com//samsung-s21-128-gb-akilli-telefon-fantom-gri.html
XIAOMI REDMI 9C 64 GB AKILLI TELEFON TURUNCU,Android,2.299,https://www.vatanbilgisayar.com//xiaomi-redmi-9c-64-gb-akilli-telefon-turuncu.html
LG K42 3 GB RAM 64 GB AKILLI TELEFON GRİ,Android,3.199,https://www.vatanbilgisayar.com//lg-k42-akilli-telefon-beyaz.html
REALME 7 PRO 8GB RAM 128 GB AKILLI TELEFON AYNA GÜMÜŞÜ,Android,3.999,https://www.vatanbilgisayar.com//realme-7-pro-8gb-ram-128-gb-akilli-telefon-ayna-gumusu.html
iPhone 11 256 GB AKILLI TELEFON YEŞİL,IOS,8.999,https://www.vatanbilgisayar.com//iphone-11-256-gb-akilli-telefon-yesil-113154.html
iPhone 11 256 GB AKILLI TELEFON BEYAZ,IOS,8.999,https://www.vatanbilgisayar.com//iphone-11-256-gb-akilli-telefon-beyaz-113150.html
iPhone 11 128 GB AKILLI TELEFON SARI,IOS,8.199,https://www.vatanbilgisayar.com//iphone-11-128-gb-akilli-telefon-sari-113146.html
HUAWEI P SMART 2021 128 GB PEMBE ALTIN,Android,3.299,https://www.vatanbilgisayar.com//huawei-p-smart-2021-128-gb-pembe-altin.html
iPhone 12 PRO 512 GB AKILLI TELEFON GRAFİT,IOS,17.999,https://www.vatanbilgisayar.com//iphone-12-pro-512-gb-akilli-telefon-grafit.html
iPhone 12 MİNİ 128 GB AKILLI TELEFON KIRMIZI,IOS,9.899,https://www.vatanbilgisayar.com//iphone-12-mini-128-gb-akilli-telefon-kirmizi.html
iPhone 12 MİNİ 64 GB AKILLI TELEFON MAVİ,IOS,9.399,https://www.vatanbilgisayar.com//iphone-12-mini-64-gb-akilli-telefon-mavi.html
iPhone 12 MİNİ 64 GB AKILLI TELEFON BEYAZ,IOS,9.399,https://www.vatanbilgisayar.com//iphone-12-mini-64-gb-akilli-telefon-beyaz.html
iPhone 12 256 GB AKILLI TELEFON MAVİ,IOS,12.499,https://www.vatanbilgisayar.com//iphone-12-256-gb-akilli-telefon-mavi.html
iPhone 12 256 GB AKILLI TELEFON KIRMIZI,IOS,12.499,https://www.vatanbilgisayar.com//iphone-12-256-gb-akilli-telefon-kirmizi.html
iPhone 12 256 GB AKILLI TELEFON SİYAH,IOS,12.499,https://www.vatanbilgisayar.com//iphone-12-256-gb-akilli-telefon-siyah.html
iPhone 12 128 GB AKILLI TELEFON KIRMIZI,IOS,11.499,https://www.vatanbilgisayar.com//iphone-12-128-gb-akilli-telefon-kirmizi.html
iPhone 12 128 GB AKILLI TELEFON BEYAZ,IOS,11.499,https://www.vatanbilgisayar.com//iphone-12-128-gb-akilli-telefon-beyaz.html
iPhone 12 64 GB AKILLI TELEFON MAVİ,IOS,10.999,https://www.vatanbilgisayar.com//iphone-12-64-gb-akilli-telefon-mavi.html
SAMSUNG GALAXY S20 FE 128 GB MERCAN AKILLI TELEFON,Android,5.699,https://www.vatanbilgisayar.com//samsung-galaxy-s20fe-cloud-orange.html
SAMSUNG GALAXY S20 FE 128 GB LAVANTA AKILLI TELEFON,Android,5.699,https://www.vatanbilgisayar.com//samsung-galaxy-s20fe-cloud-lavender.html
SAMSUNG GALAXY NOTE 20 ULTRA AKILLI TELEFON MİSTİK BEYAZ,Android,11.899,https://www.vatanbilgisayar.com//samsung-galaxy-note-20-ultra-akilli-telefon-mistik-beyaz.html
HUAWEI P SMART S 128 GB AKILLI TELEFON KRİSTAL,Android,2.999,https://www.vatanbilgisayar.com//huawei-psmart-s-128-gb-akilli-telefon-kristal.html
HUAWEI Y6P 2020 64 GB AKILLI TELEFON MOR,Android,2.699,https://www.vatanbilgisayar.com//huawei-y6p-2020-64-gb-akilli-telefon-mor.html
HUAWEI Y6P 2020 64 GB AKILLI TELEFON SİYAH,Android,2.699,https://www.vatanbilgisayar.com//huawei-y6p-2020-64-gb-akilli-telefon-siyah.html
XIAOMI REDMI NOTE 9S AKILLI TELEFON,Android,3.799,https://www.vatanbilgisayar.com//xiaomi-redmi-9s-128-gb-akilli-telefon-gri.html
HUAWEI P40 128 GB AKILLI TELEFON SİYAH,Android,6.499,https://www.vatanbilgisayar.com//huawei-p40-128-gb-akilli-telefon-siyah.html
iPhone XR 128 GB AKILLI TELEFON CORAL,IOS,6.899,https://www.vatanbilgisayar.com//iphone-xr-128-gb-akilli-telefon-coral.html
iPhone XR 128 GB AKILLI TELEFON KIRMIZI,IOS,6.899,https://www.vatanbilgisayar.com//iphone-xr-128-gb-akilli-telefon-kirmizi.html
REALME 7 PRO 8GB RAM 128 GB AKILLI TELEFON MAVİ,Android,3.999,https://www.vatanbilgisayar.com//realme-7-pro-8gb-ram-128-gb-akilli-telefon-mavi.html
SAMSUNG GALAXY A21S 128 GB AKILLI TELEFON BEYAZ,Android,3.199,https://www.vatanbilgisayar.com//samsung-galaxy-a21s-128-gb-akilli-telefon-beyaz.html
SAMSUNG GALAXY A21S 128 GB AKILLI TELEFON SİYAH,Android,3.199,https://www.vatanbilgisayar.com//samsung-galaxy-a21s-128-gb-akilli-telefon-siyah.html
SAMSUNG GALAXY A21S 128 GB AKILLI TELEFON MAVİ,Android,3.199,https://www.vatanbilgisayar.com//samsung-galaxy-a21s-128-gb-akilli-telefon-mavi.html
SAMSUNG GALAXY A02s 64 GB AKILLI TELEFON KIRMIZI,Android,2.599,https://www.vatanbilgisayar.com//samsung-galaxy-a02s-64-gb-akilli-telefon-kirmizi.html
SAMSUNG GALAXY A02s 64 GB AKILLI TELEFON SİYAH,Android,2.599,https://www.vatanbilgisayar.com//samsung-galaxy-a02s-64-gb-akilli-telefon-siyah.html
SAMSUNG GALAXY A02s 64 GB AKILLI TELEFON MAVİ,Android,2.599,https://www.vatanbilgisayar.com//samsung-galaxy-a02s-64-gb-akilli-telefon-mavi.html
SAMSUNG GALAXY S21 PLUS 5G 256 GB AKILLI TELEFON FANTOM VİOLET,Android,13.499,https://www.vatanbilgisayar.com//samsung-galaxy-s21-plus-256-gb-akilli-telefon-fantom-violet.html
SAMSUNG GALAXY S21 PLUS 5G 256 GB AKILLI TELEFON FANTOM GÜMÜŞ,Android,13.499,https://www.vatanbilgisayar.com//samsung-s21-plus-256-gb-akilli-telefon-fantom-gumus.html
SAMSUNG GALAXY S21 PLUS 5G 256 GB AKILLI TELEFON FANTOM SİYAH,Android,13.499,https://www.vatanbilgisayar.com//samsung-s21-plus-256-gb-akilli-telefon-fantom-siyah.html
SAMSUNG GALAXY S21 PLUS 5G 128 GB AKILLI TELEFON FANTOM GÜMÜŞ,Android,12.999,https://www.vatanbilgisayar.com//samsung-s21-plus-128-gb-akilli-telefon-fantom-gumus.html
SAMSUNG GALAXY S21 PLUS 5G 128 GB AKILLI TELEFON FANTOM SİYAH,Android,12.999,https://www.vatanbilgisayar.com//samsung-s21-plus-128-gb-akilli-telefon-fantom-siyah.html
SAMSUNG GALAXY S21 5G 128 GB AKILLI TELEFON FANTOM BEYAZ,Android,9.999,https://www.vatanbilgisayar.com//samsung-s21-128-gb-akilli-telefon-fantom-beyaz.html
SAMSUNG GALAXY S21 5G 128 GB AKILLI TELEFON FANTOM VİOLET,Android,9.999,https://www.vatanbilgisayar.com//samsung-s21-128-gb-akilli-telefon-fantom-violet.html
SAMSUNG GALAXY S21 5G 128 GB AKILLI TELEFON FANTOM PEMBE,Android,9.999,https://www.vatanbilgisayar.com//samsung-s21-128-gb-akilli-telefon-fantom-pembe.html
XIAOMI REDMI 9C 64 GB AKILLI TELEFON MAVİ,Android,2.299,https://www.vatanbilgisayar.com//xiaomi-redmi-9c-64-gb-akilli-telefon-mavi.html
VİVO Y20 64 GB AKILLI TELEFON NEBULA MAVİ,Android,2.799,https://www.vatanbilgisayar.com//vivo-y20-64-gb-akilli-telefon-nebula-mavi.html
VİVO Y20 64 GB AKILLI TELEFON OBSİDİAN SİYAH,Android,2.799,https://www.vatanbilgisayar.com//vivo-y20-64-gb-akilli-telefon-obsidian-siyah.html
VİVO Y70 128 GB AKILLI TELEFON OKSİJEN MAVİ,Android,3.699,https://www.vatanbilgisayar.com//vivo-y70-128-gb-akilli-telefon-oksijen-mavi.html
VİVO Y70 128 GB AKILLI TELEFON GRAVİTY SİYAH,Android,3.699,https://www.vatanbilgisayar.com//vivo-y70-128-gb-akilli-telefon-gravity-siyah.html
VİVO X51 256 GB AKILLI TELEFON ALPHA GRİ,Android,8.999,https://www.vatanbilgisayar.com//vivo-x51-256-gb-akilli-telefon-alpha-gri.html
LG VELVET 6 GB RAM 128 GB AKILLI TELEFON BEYAZ,Android,6.899,https://www.vatanbilgisayar.com//lg-velvet-akilli-telefon-beyaz.html
LG K61 4 GB RAM 128 GB AKILLI TELEFON TİTAN,Android,3.149,https://www.vatanbilgisayar.com//lg-k61-akilli-telefon-siyah.html
LG K41S 3 GB RAM 32 GB AKILLI TELEFON TİTAN,Android,2.549,https://www.vatanbilgisayar.com//lg-k41s-akilli-telefon-beyaz.html
iPhone SE 64 GB AKILLI TELEFON BEYAZ,IOS,4.899,https://www.vatanbilgisayar.com//iphone-se-64-gb-akilli-telefon-beyaz-113188.html
iPhone SE 128 GB AKILLI TELEFON BEYAZ,IOS,5.399,https://www.vatanbilgisayar.com//iphone-se-128-gb-akilli-telefon-beyaz-113174.html
iPhone 11 64 GB AKILLI TELEFON SARI,IOS,7.599,https://www.vatanbilgisayar.com//iphone-11-64-gb-akilli-telefon-sari-113158.html
iPhone 11 256 GB AKILLI TELEFON SARI,IOS,8.999,https://www.vatanbilgisayar.com//iphone-11-256-gb-akilli-telefon-sari-113152.html
iPhone 11 256 GB AKILLI TELEFON KIRMIZI,IOS,8.999,https://www.vatanbilgisayar.com//iphone-11-256-gb-akilli-telefon-kirmizi-113151.html
iPhone 11 128 GB AKILLI TELEFON YEŞİL,IOS,8.199,https://www.vatanbilgisayar.com//iphone-11-128-gb-akilli-telefon-yesil-113148.html
iPhone 12 PRO MAX 256 GB AKILLI TELEFON GÜMÜŞ,IOS,17.999,https://www.vatanbilgisayar.com//iphone-12-pro-max-256-gb-akilli-telefon-gumus.html
iPhone 12 PRO 512 GB AKILLI TELEFON GÜMÜŞ,IOS,17.999,https://www.vatanbilgisayar.com//iphone-12-pro-512-gb-akilli-telefon-gumus.html
iPhone 12 PRO 256 GB AKILLI TELEFON GÜMÜŞ,IOS,15.999,https://www.vatanbilgisayar.com//iphone-12-pro-256-gb-akilli-telefon-gumus.html
iPhone 12 MİNİ 256 GB AKILLI TELEFON YEŞİL,IOS,10.899,https://www.vatanbilgisayar.com//iphone-12-mini-256-gb-akilli-telefon-yesil.html
iPhone 12 MİNİ 256 GB AKILLI TELEFON KIRMIZI,IOS,10.899,https://www.vatanbilgisayar.com//iphone-12-mini-256-gb-akilli-telefon-kirmizi.html
iPhone 12 MİNİ 256 GB AKILLI TELEFON BEYAZ,IOS,10.899,https://www.vatanbilgisayar.com//iphone-12-mini-256-gb-akilli-telefon-beyaz.html
iPhone 12 MİNİ 256 GB AKILLI TELEFON SİYAH,IOS,10.899,https://www.vatanbilgisayar.com//iphone-12-mini-256-gb-akilli-telefon-siyah.html
iPhone 12 MİNİ 64 GB AKILLI TELEFON YEŞİL,IOS,9.399,https://www.vatanbilgisayar.com//iphone-12-mini-64-gb-akilli-telefon-yesil.html
iPhone 12 MİNİ 64 GB AKILLI TELEFON KIRMIZI,IOS,9.399,https://www.vatanbilgisayar.com//iphone-12-mini-64-gb-akilli-telefon-kirmizi.html
iPhone 12 256 GB AKILLI TELEFON YEŞİL,IOS,12.499,https://www.vatanbilgisayar.com//iphone-12-256-gb-akilli-telefon-yesil.html
iPhone 12 128 GB AKILLI TELEFON YEŞİL,IOS,11.499,https://www.vatanbilgisayar.com//iphone-12-128-gb-akilli-telefon-yesil.html
iPhone 12 64 GB AKILLI TELEFON YEŞİL,IOS,10.999,https://www.vatanbilgisayar.com//iphone-12-64-gb-akilli-telefon-yesil.html
iPhone 12 64 GB AKILLI TELEFON KIRMIZI,IOS,10.999,https://www.vatanbilgisayar.com//iphone-12-64-gb-akilli-telefon-kirmizi.html
iPhone 12 64 GB AKILLI TELEFON BEYAZ,IOS,10.999,https://www.vatanbilgisayar.com//iphone-12-64-gb-akilli-telefon-beyaz.html
iPhone 12 PRO 128 GB AKILLI TELEFON GRAFİT,IOS,14.999,https://www.vatanbilgisayar.com//iphone-12-pro-akilli-telefon.html
SAMSUNG GALAXY S20 FE 128 GB KIRMIZI AKILLI TELEFON,Android,5.699,https://www.vatanbilgisayar.com//samsung-galaxy-s20fe-cloud-red.html
SAMSUNG GALAXY Z FOLD 2 256 GB AKILLI TELEFON MİSTİK BRONZ,Android,17.479,https://www.vatanbilgisayar.com//samsung-galaxy-z-fold-2-256-gb-akilli-telefon-mistik-bronz.html
REALME C11 3 GB RAM 32 GB AKILLI TELEFON BAHARAT GRİSİ,Android,2.399,https://www.vatanbilgisayar.com//realme-c11-3-gb-ram-32-gb-akilli-telefon-baharat-grisi.html
XIAOMI REDMI 9 64 GB AKILLI TELEFON GRİ,Android,2.399,https://www.vatanbilgisayar.com//xiaomi-redmi-9-64-gb-akilli-telefon-gri.html
XIAOMI REDMI 9 64 GB AKILLI TELEFON YEŞİL,Android,2.399,https://www.vatanbilgisayar.com//xiaomi-redmi-9-64-gb-akilli-telefon-yesil.html
SAMSUNG GALAXY A21S 64 GB AKILLI TELEFON SİYAH,Android,2.679,https://www.vatanbilgisayar.com//samsung-galaxy-a21s-64-gb-akilli-telefon-siyah.html
XIAOMI REDMI NOTE 9 PRO 64 GB AKILLI TELEFON YEŞİL,Android,3.799,https://www.vatanbilgisayar.com//xiaomi-redmi-note-9-pro-64-gb-akilli-telefon-yesil.html
XIAOMI MI NOTE 10 LITE 64 GB AKILLI TELEFON SİYAH,Android,4.499,https://www.vatanbilgisayar.com//xiaomi-mi-note-10-lite-64-gb-akilli-telefon-siyah.html
XIAOMI MI NOTE 10 LITE 64 GB AKILLI TELEFON MOR,Android,4.499,https://www.vatanbilgisayar.com//xiaomi-mi-note-10-lite-64-gb-akilli-telefon-mor.html
HUAWEI Y6P 2020 64 GB AKILLI TELEFON YEŞİL,Android,2.699,https://www.vatanbilgisayar.com//huawei-y6p-2020-64-gb-akilli-telefon-yesil.html
HUAWEI P40 128 GB AKILLI TELEFON GRİ,Android,6.499,https://www.vatanbilgisayar.com//huawei-p40-128-gb-akilli-telefon-gri.html
HUAWEI P40 128 GB AKILLI TELEFON BEYAZ,Android,6.499,https://www.vatanbilgisayar.com//huawei-p40-128-gb-akilli-telefon-beyaz.html
SAMSUNG GALAXY Z FLIP AKILLI TELEFON PARLAK SİYAH,Android,9.499,https://www.vatanbilgisayar.com//samsung-galaxy-z-flip-akilli-telefon.html
SAMSUNG GALAXY Z FLIP AKILLI TELEFON PARLAK MOR,Android,9.499,https://www.vatanbilgisayar.com//samsung-galaxy-z-flip-akilli-telefon-mor.html
SAMSUNG GALAXY S20 ULTRA 128 GB AKILLI TELEFON KOZMİK GRİ,Android,10.499,https://www.vatanbilgisayar.com//samsung-galaxy-s20-ultra-akilli-telefon-gri.html
SAMSUNG GALAXY S20 ULTRA 128 GB AKILLI TELEFON KOZMİK SİYAH,Android,10.499,https://www.vatanbilgisayar.com//samsung-galaxy-s20-ultra-akilli-telefon.html
XIAOMI REDMI NOTE 8 PRO 128 GB AKILLI TELEFON MAVİ,Android,3.299,https://www.vatanbilgisayar.com//xiaomi-redmi-note-8-pro-128-gb-akilli-telefon-mavi.html
VESTEL Venus Z40 128 GB AKILLI TELEFON UZAY MAVİSİ,Android,2.999,https://www.vatanbilgisayar.com//vestel-venus-z40-128-gb-akilli-telefon-uzay-grisi.html
XIAOMI REDMI NOTE 8 PRO 128 GB AKILLI TELEFON YEŞİL,Android,3.299,https://www.vatanbilgisayar.com//xiaomi-redmi-note-8-pro-128-gb-akilli-telefon-yesil.html
iPhone 11 PRO 512 GB GECE YEŞİLİ,IOS,13.999,https://www.vatanbilgisayar.com//iphone-11-pro-512-gb-gece-yesili.html
iPhone 11 PRO 512 GB UZAY GRİSİ,IOS,13.999,https://www.vatanbilgisayar.com//iphone-11-pro-512-gb-uzay-gri.html
iPhone XR 128 GB AKILLI TELEFON MAVİ,IOS,6.899,https://www.vatanbilgisayar.com//iphone-xr-128-gb-akilli-telefon-mavi.html
iPhone XR 64 GB AKILLI TELEFON CORAL,IOS,6.499,https://www.vatanbilgisayar.com//iphone-xr-64-gb-akilli-telefon-coral.html
